datetime,count
2026-08-17 14:28,356
2026-08-17 15:00,425
2026-08-17 16:00,580
2026-08-17 17:00,729
2026-08-17 19:04,767
2026-08-17 20:00,936
2026-08-17 21:00,1101
2026-08-17 22:00,1242
2026-08-17 23:00,1400
2026-08-18 00:00,1561
2026-08-18 01:00,1729
2026-08-18 02:00,1847
2026-08-18 03:00,1959
2026-08-18 04:00,2076
2026-08-18 05:00,2228
2026-08-18 06:00,2362
2026-08-18 07:00,2489
2026-08-18 08:00,2607
2026-08-18 09:00,2731
2026-08-18 10:00,2825
2026-08-18 11:00,2943
2026-08-18 12:00,3062
2026-08-18 13:00,3153
2026-08-18 14:00,3251
