datetime,count
2026-04-15 21:26,3
2026-04-15 22:05,318
2026-04-15 23:05,707
2026-04-16 00:05,1068
2026-04-16 01:05,1451
2026-04-16 02:05,1732
2026-04-16 03:05,2010
2026-04-16 04:05,2298
2026-04-16 05:05,2526
2026-04-16 06:05,2806
2026-04-16 07:05,3050
2026-04-16 08:05,3251
2026-04-16 09:05,3440
2026-04-16 10:05,3585
2026-04-16 11:05,3747
2026-04-16 12:05,3910
2026-04-16 13:05,4118
2026-04-16 14:05,4268
2026-04-16 15:05,4424
2026-04-16 16:05,4586
2026-04-16 17:05,4727
2026-04-16 18:05,4908
2026-04-16 19:05,5075
2026-04-16 20:05,5179
2026-04-16 21:05,5308
2026-04-16 22:05,5419
2026-04-16 23:05,5516
2026-04-17 00:05,5623
2026-04-17 01:05,5758
2026-04-17 02:05,5849
2026-04-17 03:05,5969
2026-04-17 04:05,6103
2026-04-17 05:05,6205
2026-04-17 06:05,6312
2026-04-17 07:05,6438
2026-04-17 08:05,6544
2026-04-17 09:05,6664
2026-04-17 10:05,6750
2026-04-17 11:05,6845
2026-04-17 12:05,6940
2026-04-17 13:05,7038
2026-04-17 14:05,7134
2026-04-17 15:05,7255
2026-04-17 16:05,7402
2026-04-17 17:05,7531
2026-04-17 18:05,7717
2026-04-17 19:05,7992
2026-04-17 20:05,8110
2026-04-17 21:05,8245
2026-04-17 22:05,8408
2026-04-17 23:05,8536
2026-04-18 00:05,8668
2026-04-18 01:05,8761
2026-04-18 02:05,8866
2026-04-18 03:05,8987
2026-04-18 04:05,9108
2026-04-18 05:05,9233
2026-04-18 06:05,9337
2026-04-18 07:05,9441
2026-04-18 08:05,9552
2026-04-18 09:05,9669
2026-04-18 10:05,9792
2026-04-18 11:05,9889
2026-04-18 12:05,9992
2026-04-18 13:05,10081
2026-04-18 14:05,10165
2026-04-18 15:05,10234
2026-04-18 16:05,10305
2026-04-18 17:05,10413
2026-04-18 18:05,10494
2026-04-18 19:05,10607
2026-04-18 20:05,10669
2026-04-18 21:05,10749
2026-04-18 22:05,10811
2026-04-18 23:05,10907
2026-04-19 00:05,10988
2026-04-19 01:05,11057
2026-04-19 02:05,11126
2026-04-19 03:05,11223
2026-04-19 04:05,11317
2026-04-19 05:05,11389
2026-04-19 06:05,11467
2026-04-19 07:05,11587
2026-04-19 08:05,11695
2026-04-19 09:05,11776
2026-04-19 10:05,11871
2026-04-19 11:05,11955
2026-04-19 12:05,12037
2026-04-19 13:05,12112
2026-04-19 14:05,12195
2026-04-19 15:05,12285
2026-04-19 16:05,12370
2026-04-19 17:05,12462
2026-04-19 18:05,12535
2026-04-19 19:05,12649
2026-04-19 20:05,12710
2026-04-19 21:05,12788
2026-04-19 22:05,12856
2026-04-19 23:05,12929
2026-04-20 00:05,13012
2026-04-20 01:05,13089
2026-04-20 02:05,13185
2026-04-20 03:05,13256
2026-04-20 04:05,13358
2026-04-20 05:05,13432
2026-04-20 06:05,13514
2026-04-20 07:05,13584
2026-04-20 08:05,13662
2026-04-20 09:05,13724
2026-04-20 10:05,7955
2026-04-20 11:05,8251
2026-04-20 12:05,8537
2026-04-20 13:05,8761
2026-04-20 14:05,8957
2026-04-20 15:05,9113
2026-04-20 15:07,9128
2026-04-20 16:05,9268
2026-04-20 17:05,9379
2026-04-20 18:05,9553
2026-04-20 19:05,9701
2026-04-20 20:05,9812
2026-04-20 21:05,4683
2026-04-20 22:05,4784
2026-04-20 23:05,4951
2026-04-21 00:05,5104
2026-04-21 01:05,5247
2026-04-21 02:05,5365
2026-04-21 03:05,5502
2026-04-21 04:05,5700
2026-04-21 05:05,5886
2026-04-21 06:05,6080
2026-04-21 07:05,6215
2026-04-21 08:05,6361
2026-04-21 09:05,6538
2026-04-21 10:05,6759
2026-04-21 11:05,6989
2026-04-21 12:05,7217
2026-04-21 13:05,7394
2026-04-21 14:05,7582
2026-04-21 15:05,7762
2026-04-21 16:05,7876
2026-04-21 17:05,7975
2026-04-21 18:05,8084
2026-04-21 19:05,8199
2026-04-21 20:05,8297
2026-04-21 21:05,8450
2026-04-21 22:05,8533
2026-04-21 23:05,8634
2026-04-22 00:05,8744
2026-04-22 01:05,8860
2026-04-22 02:05,8947
2026-04-22 03:05,9038
2026-04-22 04:05,9162
2026-04-22 05:05,9290
2026-04-22 06:05,9432
2026-04-22 07:05,9520
2026-04-22 08:05,9602
2026-04-22 09:05,9713
2026-04-22 10:05,9808
2026-04-22 11:05,9925
2026-04-22 12:05,10030
2026-04-22 13:05,10090
2026-04-22 14:05,10157
2026-04-22 15:05,10243
2026-04-22 16:05,10400
2026-04-22 17:05,10518
2026-04-22 18:05,10660
2026-04-22 19:05,10756
2026-04-22 20:05,10868
2026-04-22 21:05,10968
2026-04-22 22:05,11070
2026-04-22 23:05,11155
2026-04-23 00:05,11249
2026-04-23 01:05,11326
2026-04-23 02:05,11414
2026-04-23 03:05,11508
2026-04-23 04:05,11607
2026-04-23 05:05,11704
2026-04-23 06:05,11793
2026-04-23 07:05,11894
2026-04-23 08:05,11980
2026-04-23 09:05,12108
2026-04-23 10:05,12208
2026-04-23 11:05,12305
2026-04-23 12:05,12371
2026-04-23 13:05,12458
2026-04-23 14:05,12553
2026-04-23 15:05,12648
2026-04-23 16:05,12738
2026-04-23 17:05,12857
2026-04-23 18:05,12948
2026-04-23 19:05,13013
2026-04-23 20:05,13075
2026-04-23 21:05,13151
2026-04-23 22:05,13242
2026-04-23 23:05,13315
2026-04-24 00:05,13382
2026-04-24 01:05,13449
2026-04-24 02:05,13518
2026-04-24 03:05,13606
2026-04-24 04:05,13669
2026-04-24 05:05,13751
2026-04-24 06:05,13839
2026-04-24 07:05,13936
2026-04-24 08:05,13996
2026-04-24 09:05,14078
2026-04-24 10:05,14147
2026-04-24 11:05,14216
2026-04-24 12:05,14283
2026-04-24 13:05,14333
2026-04-24 14:05,14385
2026-04-24 15:05,14452
2026-04-24 16:05,14514
2026-04-24 17:05,14608
2026-04-24 18:05,14679
2026-04-24 19:05,14740
2026-04-24 20:05,14793
2026-04-24 21:05,14841
2026-04-24 22:05,14925
2026-04-24 23:05,14997
2026-04-25 00:05,15078
2026-04-25 01:05,15211
2026-04-25 02:05,15325
2026-04-25 03:05,15450
2026-04-25 04:05,15573
2026-04-25 05:05,15685
2026-04-25 06:05,15790
2026-04-25 07:05,15880
2026-04-25 08:05,15972
2026-04-25 09:05,16048
2026-04-25 10:05,16138
2026-04-25 11:05,16214
2026-04-25 12:05,16372
2026-04-25 13:05,16446
2026-04-25 14:05,16530
2026-04-25 15:05,16591
2026-04-25 16:05,16691
2026-04-25 17:05,16746
2026-04-25 18:05,16816
2026-04-25 19:05,16879
2026-04-25 20:05,16950
2026-04-25 21:05,17038
2026-04-25 22:05,17152
2026-04-25 23:05,17213
2026-04-26 00:05,17268
2026-04-26 01:05,17340
2026-04-26 02:05,17406
2026-04-26 03:05,17487
2026-04-26 04:05,17561
2026-04-26 05:05,17641
2026-04-26 06:05,17739
2026-04-26 07:05,17829
2026-04-26 08:05,17917
2026-04-26 09:05,17986
2026-04-26 10:05,18031
2026-04-26 11:05,18092
2026-04-26 12:05,18150
2026-04-26 13:05,18209
2026-04-26 14:05,18270
2026-04-26 15:05,18359
2026-04-26 16:05,18463
2026-04-26 17:05,18556
2026-04-26 18:05,18642
2026-04-26 19:05,18714
2026-04-26 20:05,18790
2026-04-26 21:05,18917
2026-04-26 22:05,19021
2026-04-26 23:05,19086
2026-04-27 00:05,19144
2026-04-27 01:05,19202
2026-04-27 02:05,17343
2026-04-27 03:05,17426
2026-04-27 04:05,17523
2026-04-27 05:05,17580
2026-04-27 06:05,17662
2026-04-27 07:05,17726
2026-04-27 08:05,17814
2026-04-27 09:05,17906
2026-04-27 10:05,17971
2026-04-27 11:05,18037
2026-04-27 12:05,18130
2026-04-27 13:05,18190
2026-04-27 14:05,18248
2026-04-27 15:05,18331
2026-04-27 16:05,18387
2026-04-27 17:05,18452
2026-04-27 18:05,18516
2026-04-27 19:05,18588
2026-04-27 20:05,18662
2026-04-27 21:05,18721
2026-04-27 22:05,18775
2026-04-27 23:05,18829
2026-04-28 00:05,18901
2026-04-28 01:05,18963
2026-04-28 02:05,16581
2026-04-28 03:05,16629
2026-04-28 04:05,16719
2026-04-28 05:05,16817
2026-04-28 06:05,16936
2026-04-28 07:05,17043
2026-04-28 08:05,17141
2026-04-28 09:05,17259
2026-04-28 10:05,17352
2026-04-28 11:05,17446
2026-04-28 12:05,17515
2026-04-28 13:05,17588
2026-04-28 14:05,17668
2026-04-28 15:05,17744
2026-04-28 16:05,17819
2026-04-28 17:05,17899
2026-04-28 18:05,18000
2026-04-28 19:05,18198
2026-04-28 20:05,18365
2026-04-28 21:05,18519
2026-04-28 22:05,18676
2026-04-28 23:05,18829
2026-04-29 00:05,18975
2026-04-29 01:05,19085
2026-04-29 02:05,15784
2026-04-29 03:05,16025
2026-04-29 04:05,16210
2026-04-29 05:05,16455
2026-04-29 06:05,16646
2026-04-29 07:05,16822
2026-04-29 08:05,17010
2026-04-29 09:05,17150
2026-04-29 10:05,17324
2026-04-29 11:05,17487
2026-04-29 12:05,17561
2026-04-29 13:05,17632
2026-04-29 14:05,17714
2026-04-29 15:05,17818
2026-04-29 16:05,17898
2026-04-29 17:05,17972
2026-04-29 18:05,18060
2026-04-29 19:05,18206
2026-04-29 20:05,18305
2026-04-29 21:05,18383
2026-04-29 22:05,18509
2026-04-29 23:05,18634
2026-04-30 00:05,18696
2026-04-30 01:05,18756
2026-04-30 02:05,16747
2026-04-30 03:05,16820
2026-04-30 04:05,16896
2026-04-30 05:05,16973
2026-04-30 06:05,17062
2026-04-30 07:05,17170
2026-04-30 08:05,17277
2026-04-30 09:05,17394
2026-04-30 10:05,17515
2026-04-30 11:05,17633
2026-04-30 12:05,17721
2026-04-30 13:05,17809
2026-04-30 14:05,17901
2026-04-30 15:05,17989
2026-04-30 16:05,18073
2026-04-30 17:05,18143
2026-04-30 18:05,18248
2026-04-30 19:05,18336
2026-04-30 20:05,18429
2026-04-30 21:05,18511
2026-04-30 22:05,18588
2026-04-30 23:05,18656
2026-05-01 00:05,18741
2026-05-01 01:05,18818
2026-05-01 02:05,17053
2026-05-01 03:05,17121
2026-05-01 04:05,17203
2026-05-01 05:05,17291
2026-05-01 06:05,17424
2026-05-01 07:05,17528
2026-05-01 08:05,17622
2026-05-01 09:05,17752
2026-05-01 10:05,17828
2026-05-01 11:05,17913
2026-05-01 12:05,18001
2026-05-01 13:05,18074
2026-05-01 14:05,18162
2026-05-01 15:05,18227
2026-05-01 16:05,18295
2026-05-01 17:05,18382
